{
  "name" : "SketchQL",
  "url" : "https://graphql-staging.sketch.cloud/api",
  "generateDeprecationWarnings": false,
  "globalSelections" : [
    "identifier"
  ],
  "autoSelections" : {
    "User": []
  },
  "propertyTypeMappings": {
    "Avatar": {
      "small": "URL",
      "large": "URL"
    }
  },
  "globalTypeMappings" : {
    "DateTime": "Date",
    "Boolean": "Bool",
    "Upload": "Data",
    "Email": "String",
    "ShortId": "String",
    "NaiveDateTime": "Date",
    "CreditAmount": "Float",
    "ID": "String",
    "Json": "String",
    "UUID": "String",
    }
}
